volume,close_lag1,close_lag2,close_lag3,close_lag4,close_lag5,close_lag6,ma_ 3,rsi_3,ma_ 6,rsi_6,ma_ 9,rsi_9,ma_ 12,rsi_12,event,close
-0.5563520408774979,-0.9437573698125155,-0.9361107460074267,-0.8081051898124968,-0.8536359015605487,-0.8305502793127464,-0.706164438704003,2.600233152552574,-1.8539229898440255,6.935010000799574,-2.008532901816607,8.688321986696963,-2.0575948638859147,7.796089441802179,-1.90337859023662,-0.4555547495768661,2.437142857142857
-0.4700056297049475,-0.9590752933658725,-0.9359317466431859,-0.9331970881277422,-0.80411859521097,-0.8527253940087065,-0.8276467137587764,1.7951185019799507,-1.868077102622389,5.293319502815568,-2.0160726292888427,6.664551987323009,-2.0628740102022127,7.241774949514463,-1.9103112262892807,-0.4555547495768661,2.3385714285714285
-0.19533220629150436,-0.9611117803122726,-0.95141519165002,-0.9330151362756472,-0.9313034574102302,-0.8022817195020324,-0.8501457919824569,-1.2900188349943398,-1.254463076547784,1.8771015013013899,-1.8014420700935436,3.0364292262511423,-1.9290360486079188,4.476557315640761,-1.7947673765400862,-0.4555547495768661,2.9457142857142857
-0.7307180246844661,-0.948568201294591,-0.9534736843387899,-0.9487539714818564,-0.9311184612470312,-0.931845951967805,-0.7989651692809967,-0.10232993853512408,-1.3522214869618603,0.262050822330416,-1.8257937389759011,2.113532418832879,-1.94321881235097,3.8799220983347373,-1.8115742142218811,-0.4555547495768661,2.75
-0.5767613207880575,-0.9526116608838202,-0.9407945627050625,-0.9508464177809478,-0.9471206293637382,-0.9316574949024001,-0.9304222481374866,-0.04372619200855933,-1.0555034126709304,-0.18038740547288365,-1.7374841149820657,1.1826763574688675,-1.8926156210229157,2.4521916426038413,-1.7700190457766354,-0.4555547495768661,2.9414285714285713
-0.6999595831474121,-0.948656744205304,-0.9448817148552288,-0.9379581615908921,-0.949248085240526,-0.9479590310599119,-0.9302310378409681,-1.5828985369974722,-0.12736304496561432,-1.1051272989450798,-1.3801665646181716,0.014148957873694403,-1.6874202656182067,0.8619796735302613,-1.6040411199422007,-0.4555547495768661,3.6785714285714284
-0.5661442653319944,-0.9334273635626601,-0.9408840623871829,-0.9421127288803924,-0.9361441903472687,-0.9501262873120667,-0.946770728489821,1.071164804707324,-0.9366624074042458,0.07059088272697975,-1.5409758824197801,0.020859055193396963,-1.7635851622315746,0.9345390525312474,-1.6822324693640351,-0.4555547495768661,2.9842857142857144
-1.1512102894347016,-0.9477713150981737,-0.9254901170624693,-0.9380491375169395,-0.9403682694069775,-0.9367772451792294,-0.9489696468997841,0.6710464135312837,-0.6856943158325431,0.02508704449782243,-1.4475293642389357,-0.14573698086807976,-1.7116957945444164,0.4891046258845917,-1.6415935749773947,-0.4555547495768661,3.1471428571428572
-0.9737635265876938,-0.9444066844910778,-0.9399890655659787,-0.922401278236778,-0.9362366884288682,-0.9410803481726382,-0.9354255842297214,1.0029027615626964,-1.1496286832986728,0.6789062211925666,-1.5517173137859535,0.19335125608998233,-1.7587752791960274,0.5732924685651012,-1.6875448442099705,-0.4555547495768661,2.7857142857142856
-0.9688098406865471,-0.9518738032945449,-0.9365880776454023,-0.9371393782564652,-0.9203270183937607,-0.9368714737119318,-0.9397915526668946,1.8030777428714184,-1.478332237109864,1.3571862199018887,-1.6467090016326205,0.6272177326380926,-1.8023152528758277,0.4283384417140798,-1.729553035563217,-0.4555547495768661,2.468571428571429
-0.7008854618215354,-0.9584259786873102,-0.9441358841708919,-0.9336822930666618,-0.9353117076128736,-0.9206641660871224,-0.9355211893779808,1.3105247981108152,-1.6336964189719512,1.57988867896766,-1.6990008303818287,0.8887897400419214,-1.8262457033289772,0.5467284819184295,-1.752288127781547,-0.4555547495768661,2.3057142857142856
-0.9405164923706995,-0.961790609294406,-0.9507588606478036,-0.9413545961633304,-0.931796780512094,-0.9359291883849081,-0.9190771038773872,-0.5843452429773073,-0.6012444947130171,0.30357229376007894,-1.3733445279005727,0.32099962824241945,-1.6673266600731436,0.14189312490860795,-1.63780273897091,-0.4555547495768661,2.652857142857143
-0.7841111448741983,-0.9546186335266492,-0.9541598485683798,-0.9480868146908417,-0.9395974520603154,-0.9323485041422176,-0.9345651378953882,-1.6115922858264686,0.2850269323388004,-0.6374934075584474,-0.8852206214548651,-0.23781068011775913,-1.4067985068173043,-0.23460085262204775,-1.448654384277989,-0.4555547495768661,3.2199999999999998
-0.7771247557925526,-0.9429014550089561,-0.9469103743166251,-0.9515438998806448,-0.9464423100986755,-0.9402951104001184,-0.930932142261536,-0.8388180014191062,0.45779014250796085,-0.8047770942590343,-0.7493643968472057,-0.33226086458165227,-1.3295985749962735,-0.27400236750466683,-1.392507081719903,-0.4555547495768661,3.3842857142857143
-0.7453017887748441,-0.9395073100982892,-0.9350665830493552,-0.9441748498708014,-0.949957237199455,-0.9472680218200945,-0.9389948430980675,-0.21172916896760313,0.5746170247092184,-0.7540242118211777,-0.6561434550830189,-0.4349711384335439,-1.2772572276938159,-0.3029683462256317,-1.355088848695794,-0.4555547495768661,3.487142857142857
-0.4272319149171519,-0.9373822802411762,-0.9316357619014053,-0.9321357023238553,-0.9424648925898986,-0.9508487060627849,-0.9460696240692531,0.4102666231399884,-0.06044268428595081,-0.3180815958480863,-0.7839905318061311,-0.28481916363578996,-1.3196302699700586,-0.18879711731137339,-1.386754934552454,-0.4555547495768661,3.35
-0.9680766575740435,-0.9402156533839936,-0.9294877695305152,-0.9286482918253696,-0.9302243131249032,-0.9432161949138921,-0.9497026197031051,-0.05107372546964321,0.35447483741603564,-0.2611478970946134,-0.572963137349223,-0.3949218368219679,-1.2078054024482947,-0.26477204684552985,-1.3098093018076578,-0.4555547495768661,3.5342857142857143
-0.966455194921391,-0.9364083082233327,-0.9323517593583688,-0.9264648696002308,-0.9266785533302571,-0.9307466190862772,-0.9419586026941047,0.4047036212330075,-0.4745982472060281,0.2044690002082556,-0.7777035353855356,-0.18982177027968122,-1.2743439726150818,-0.17860618770867265,-1.3570724038032067,-0.4555547495768661,3.358571428571429
-0.7590278226214277,-0.9400385675625675,-0.9285032730271904,-0.9293760992337492,-0.92445859937187,-0.9271345253326859,-0.9293068547411286,1.2150661277943466,-1.3156165223943779,0.7100741955382159,-1.1042679935884525,0.17078614555471705,-1.3906462385757286,0.031014529086468817,-1.4404685878210874,-0.4555547495768661,3.057142857142857
-1.1131270666102309,-0.9462660856160519,-0.932172759994128,-0.9254641344137088,-0.9274185379830528,-0.9248730405478288,-0.9256419907245234,1.7758753083573482,-1.8069128066724016,1.3353906112484786,-1.445249614781176,0.6915629858470294,-1.5328215663965727,0.32256835627750585,-1.5455136759216999,-0.4555547495768661,2.677142857142857
-0.9201142622977602,-0.954116890365942,-0.9384675709699314,-0.9291941473816543,-0.923441120474276,-0.927888353594305,-0.923347467166301,3.2841375820302754,-2.1179995946916064,2.701729959611172,-1.8397077200158356,1.7295150449317285,-1.739532588443714,1.0223137055205127,-1.7074533537375782,-0.4555547495768661,2.064285714285714
-1.0221465621753174,-0.9667785265979075,-0.9464032094512761,-0.9355927875136585,-0.9272335418198538,-0.9238365266881026,-0.9264068319105975,1.4262273753088022,-2.1215905805967474,2.154735095270461,-1.8453535958961385,1.5501582994130967,-1.7428333494638677,0.9998751014086392,-1.7101047167873975,-0.4555547495768661,2.0542857142857143
-0.9748022026637407,-0.9669851267229048,-0.9592016639944972,-0.9436593196231992,-0.9337392402256828,-0.9276998965289002,-0.9222958105354491,0.4249376377139572,-2.145883127677989,1.6339491982849916,-1.8780406225664,1.4209344601105778,-1.7611153683372203,1.0525188999725368,-1.7244367394484585,-0.4555547495768661,2.004285714285714
-0.9132712199143923,-0.9680181273478903,-0.9594104965861117,-0.9566688770479846,-0.9419407367941685,-0.9343273033289676,-0.9262156216140789,-0.8339884029269905,-0.5399942615073415,0.22204959647070657,-1.1740056762186029,0.5940672035784326,-1.4219404259338446,0.555221889669944,-1.508494185919731,-0.4555547495768661,2.337142857142857
-0.8812508574433175,-0.9611412946158436,-0.9604546595441833,-0.9568811542087621,-0.9551679624628914,-0.9426822332285787,-0.9329398503749806,0.33751128052265367,-1.09146906457372,0.35351415029889555,-1.3908274347015916,0.743528900724362,-1.5203315922392957,0.7239097359529556,-1.5781677392859244,-0.4555547495768661,2.1357142857142857
-1.1986932957528096,-0.9653028114193568,-0.9535035175661634,-0.957942540012649,-0.955383791319957,-0.956156913405019,-0.9414168401873022,0.6086765039042111,-1.1117970285282939,0.13324111178524212,-1.3988740823839947,0.5202198346327624,-1.5240244577378959,0.6215603264124345,-1.580769784562918,-0.4555547495768661,2.1285714285714286
-0.9603359358670333,-0.965450382937212,-0.9577100026258235,-0.9508767430896302,-0.956462935605284,-0.9563767799813246,-0.9550883763883771,0.6410992323153958,-1.4456209082054217,0.4081794326508839,-1.5305840107701352,0.47790851765711767,-1.5839056915259278,0.6361187738254098,-1.622415666555455,-0.4555547495768661,2.0214285714285714
-1.1680382518341854,-0.967663955705038,-0.957859168762691,-0.9551526116138604,-0.9492789179343923,-0.9574761128628523,-0.9553114550676488,0.20516775680121602,-0.9913794193132038,0.2652020791226043,-1.3674302555519113,0.2138448348692963,-1.508924914249497,0.4434913271710282,-1.5769402184269756,-0.4555547495768661,2.0757142857142856
-1.1191922769095004,-0.9665424121693396,-0.9600966608157016,-0.955304238157273,-0.9536263277695671,-0.9501576968229675,-0.9564268484640068,0.1694669467931043,-1.0932565414694977,0.3371186505024531,-1.396318411478403,0.13429452092250505,-1.5208244818789494,0.3294602261615493,-1.5847651172466484,-0.4555547495768661,2.0585714285714287
-0.5556047580897537,-0.9668965838121917,-0.9589629981755095,-0.9575786363084592,-0.9537804912388996,-0.9545864378599793,-0.9490015152825372,0.2188370652824645,-1.00919463832556,0.19824381150728038,-1.3732061303382181,0.12520774743092236,-1.5111061882603232,0.2028805505490916,-1.579151315253385,-0.4555547495768661,2.064285714285714
-0.8575798526604659,-0.9667785265979075,-0.9593209969039912,-0.9564262745785248,-0.956092943278886,-0.9547434854144834,-0.9534949572507228,-1.0465728637835485,0.8051559634859426,-0.5678968383691841,-0.2070885585460204,-0.3323461407505757,-0.901011215214777,-0.23183655982413656,-1.2050891623480817,-0.4555547495768661,2.4499999999999997
-1.122503350645134,-0.9588096646337334,-0.9592016639944972,-0.9567901782827146,-0.9549213009119596,-0.9570991987320427,-0.9536542991644882,-1.1689462116650784,1.0425221507040523,-0.8650817001221872,0.2778643591158619,-0.5283848305251511,-0.5353684787103299,-0.437726659449287,-0.9528560080418229,-0.4555547495768661,2.7328571428571427
-1.0696601177897795,-0.9529658325266723,-0.9511466926036587,-0.9566688770479846,-0.9552912932383575,-0.9559056373178126,-0.9560444278709698,-0.7803297571607501,1.1418754475565982,-0.921917354124861,0.5636172994206431,-0.6551467104220775,-0.2735085407665956,-0.5205674279158322,-0.7580218689381895,-0.4555547495768661,2.9614285714285713
-1.0869768689309325,-0.94824354395531,-0.9452397135837105,-0.948481043703714,-0.9551679624628914,-0.9562825514486222,-0.9548334293263525,-0.6955591083107118,1.2081479631163166,-0.9468197182741646,0.8072199517017509,-0.7311741465461072,-0.01327838264551184,-0.5885568793011293,-0.5510135858516114,-0.4555547495768661,3.2142857142857144
-0.9023275219819253,-0.9430195122232401,-0.9404663972039543,-0.9424766325845823,-0.9468431351189398,-0.956156913405019,-0.9552158499193896,0.18053973603932116,0.47189803061779273,-0.4674208954042082,0.4303313896188572,-0.5288631395083021,-0.18370117495132574,-0.45892879433919376,-0.6473371940434078,-0.4555547495768661,3.0985714285714288
-0.8641973002399864,-0.9454101708124923,-0.935185915958849,-0.9376245831953849,-0.9407382617333754,-0.9476763454618047,-0.9550883763883771,0.06551730193586082,0.6704237668676255,-0.31320818294282937,0.5734895023851619,-0.49033622748471484,-0.0545731817116029,-0.4717422917488265,-0.5454931098308222,-0.4555547495768661,3.2142857142857144
-1.0150638253128619,-0.9430195122232401,-0.9376024073761007,-0.9322570035585852,-0.9358050307147374,-0.9414572623034477,-0.9464839130450432,0.6801876331647851,-0.6114182173651637,0.2564228214048044,-0.158177795855705,-0.17150287635147898,-0.4154681598384716,-0.27644294124608326,-0.7560280605980354,-0.4555547495768661,2.9785714285714286
-1.1681627989654761,-0.9478893723124577,-0.935185915958849,-0.9347133535618664,-0.9303476439003692,-0.9364317405593208,-0.9401739732599318,0.35470724120671354,-0.3407001114583733,0.2355584547282203,-0.04083027871793935,-0.11610525583128121,-0.33370323457904255,-0.25939379853846134,-0.6951860024604346,-0.4555547495768661,3.04
-0.9320872365227804,-0.9466202572589041,-0.9401083984754726,-0.9322570035585852,-0.9328450921035545,-0.9308722571298803,-0.9350750320194376,-0.36504054608233516,0.3425504737062875,-0.03985260772963147,0.3124144842611405,-0.17685616141459012,-0.07049914734918379,-0.3134895334889532,-0.49282373634537346,-0.4555547495768661,3.244285714285714
-0.22528226644810556,-0.9423997118482488,-0.9388255696984131,-0.9372606794911951,-0.9303476439003692,-0.9334164275128447,-0.9294343282721409,-1.1956598025205647,0.962902951883134,-0.7041306857744599,0.8891590044534186,-0.4963217853802284,0.47986308318731774,-0.519668460507081,-0.008413085540815214,-0.4555547495768661,3.82
-0.7751414014753951,-0.9305054475091296,-0.934559418184006,-0.9359566912178483,-0.9354350383883395,-0.9308722571298803,-0.932015667275141,-0.5902579631600652,1.0172008849969014,-0.638148736672616,0.9610809455237913,-0.4606761715224883,0.5619000936530609,-0.47706743631972165,0.07183943230921108,-0.4555547495768661,3.9285714285714284
-0.8572508602381886,-0.9282623604377324,-0.9225366275524952,-0.931620172076253,-0.9341092325520807,-0.9360548264285112,-0.9294343282721409,0.34134687643010336,0.3344674404701974,-0.3437441939555647,0.5797278987116377,-0.29731836313235216,0.3389687237352924,-0.334357988562333,-0.06786948374381992,-0.4555547495768661,3.81
-1.0030438521703735,-0.9307120476341266,-0.920269302272111,-0.9193990726772121,-0.9297001573291729,-0.9347042174597772,-0.9346926114264006,-0.25794508879906325,0.7602302740039678,-0.4601029504616339,0.8506176597167342,-0.4282378139770506,0.5908247855985329,-0.39846778843536423,0.16851029105430057,-0.4555547495768661,4.111428571428571
-0.3373253357463864,-0.9244845295806424,-0.9227454601441095,-0.9170943492173433,-0.9172745817009785,-0.9302126574009636,-0.9333222709680177,-0.6459266408676285,0.991809632205804,-0.5343555195710282,1.0603338546929846,-0.5213946431726724,0.8141881328654468,-0.4628913201949187,0.39682263380807287,-0.4555547495768661,4.4399999999999995
-0.8187775463987319,-0.9176962397593089,-0.9164506491683061,-0.9196113498379894,-0.9149312969671254,-0.917554624507944,-0.928765092234326,0.24772957393087947,0.10980818643342427,-0.10004296635341031,0.5188458467941468,-0.31922503462668167,0.46412070949671735,-0.3266237505480511,0.16049793200157433,-0.4555547495768661,4.2542857142857144
-0.7263659249269122,-0.9215330992235409,-0.9095890068724066,-0.9132127097059854,-0.9174904105580438,-0.9151675016794837,-0.9159221339848314,-0.869769715594854,0.8602360932441542,-0.6998340536398492,1.0210884658749209,-0.6107843558357643,0.9324014088039636,-0.5566730328112066,0.638943763235833,-0.4555547495768661,5.032857142857142
-0.6825535340630696,-0.9054478037773375,-0.9134673264309585,-0.9062378887090142,-0.9109847121522151,-0.9177744910842495,-0.9135001368955966,-1.053100857150668,1.0301645998890305,-0.8516332316122993,1.194083397925582,-0.6755605950154646,1.1265389918305087,-0.6244408427661197,0.8650685521638461,-0.4555547495768661,5.524285714285715
0.473643335113028,-0.895294883348908,-0.8972082175124141,-0.910180178837737,-0.903893192562923,-0.9111470842841822,-0.916145212664103,-2.3606970663494007,1.238881543724368,-1.7166157496229384,1.5140573511793405,-1.191470763411395,1.5685399319976072,-0.9916081382415172,1.4730560047193664,-0.4555547495768661,7.817142857142857
0.93456641861527,-0.8479244261174282,-0.8869455872959382,-0.8936528856057835,-0.9079014427655664,-0.9039228967769997,-0.9094209839032014,-1.8092527113405041,1.2670302868704162,-1.6847142352007392,1.5755116034630676,-1.2347519868684764,1.6707355685128655,-1.0254025225246954,1.6372717687094471,-0.4555547495768661,8.954285714285714
0.7809645565457461,-0.8244310404748998,-0.8390632573615092,-0.8832209794190089,-0.8910976246083309,-0.9080061331941028,-0.9020912558699911,-0.9971063120836972,1.282863093860089,-1.5270703776502361,1.6118928488593403,-1.200514002954646,1.7335047044161256,-1.0104666857207787,1.7424815505537055,-0.4555547495768661,9.892857142857142
0.4756901379687674,-0.8050401430287428,-0.8153160083722223,-0.8345488589836226,-0.880491177918259,-0.8908879497531705,-0.9062341456278925,-1.083786169993989,1.2974340664567883,-1.422632771843962,1.6496298457837821,-1.2006002030688179,1.8015625460359073,-1.0266892734835542,1.8612658588355058,-0.4555547495768661,11.262857142857143
1.384653901695222,-0.7767359259041389,-0.7957155779878484,-0.8104099132723654,-0.8310047042625469,-0.8800830780032974,-0.8888658770274593,5.978864138414977,-1.261427089630055,2.1112898587341276,-0.8213530014620073,0.5559350998307672,-0.5319627296122643,0.0815978732408192,-0.4467464613493381,-0.4555547495768661,6.115714285714286
0.5359192507042472,-0.8830759616705077,-0.7671055129366849,-0.7904861854679738,-0.8064618799448229,-0.8296708130075242,-0.8779031533603968,4.064022593822325,-1.321202023723689,2.515690311090331,-0.8917282485766058,0.8157368891539805,-0.6038536095893928,0.25384991591860073,-0.5223308719679323,-0.4555547495768661,5.841428571428572
0.29698380413361225,-0.8887427079561426,-0.8745946311633193,-0.7614042144414717,-0.7862048000745409,-0.8046688423304927,-0.8267543990416899,1.1870280726863107,-1.4617320291053735,2.8575586809917755,-1.035952730528857,1.2759624318392047,-0.7450735860450078,0.554159379368087,-0.6680712616415568,-0.4555547495768661,5.32
0.3510419590055192,-0.8995154287595633,-0.8803226108190265,-0.8706663016244608,-0.7566362466565794,-0.7840327936686714,-0.8013871663702313,0.37853274645996937,-1.3207159985691252,2.0465845842318844,-0.9725289243945081,1.1884379367333802,-0.697937383877436,0.5277210012616169,-0.6251198523625237,2.183983064147917,5.4628571428571435
0.24895326042700008,-0.8965639984024617,-0.8912117388103453,-0.8764887608914975,-0.8677264426575334,-0.7539110727148106,-0.7804496389014524,0.4765982457221178,-1.4471402099588617,1.5683931318456423,-1.061248886224535,1.3738968343525113,-0.7760349323618676,0.6888293045813185,-0.7018870040085401,-0.4555547495768661,5.214285714285714
-0.32723466816596697,-0.9016994872238184,-0.8882284160729976,-0.8875574985606042,-0.8736463198798988,-0.8670795404903692,-0.7498878598412404,-0.8261133178999498,-0.35334324719059484,-0.26301048457076504,-0.5864205790292335,0.5935425297156761,-0.4417956919504029,0.3023965700152665,-0.4062312927182234,-0.4555547495768661,6.1414285714285715
-0.011606388070746968,-0.8825447042062294,-0.8934193976359825,-0.8845249676923557,-0.8849002531411668,-0.8731101665833214,-0.8647096429006182,-0.9001689889207958,0.027869782549153427,-0.5552003117165485,-0.3721711725880654,0.2045883570226627,-0.2869741517946248,0.168713707426138,-0.26810684301675464,-0.4555547495768661,6.602857142857142
1.1100251272533737,-0.8730115841527915,-0.8740576330705967,-0.8898015714031079,-0.881816983754518,-0.884574638062111,-0.8708283723892112,-0.8243632963743861,0.4794703116215436,-0.8488133609248741,-0.058840287848079195,-0.25266862379625904,-0.05541760603011151,-0.02475942544314176,-0.06026530187832472,-0.4555547495768661,7.328571428571428
2.1312505052443362,-0.8580183179387155,-0.864421500628964,-0.8701204460681761,-0.8871818724872869,-0.8814336869720315,-0.8824603320940885,-1.3947199759457092,0.9029985910010949,-1.222470251143324,0.40435178701980223,-0.8226364493893366,0.31903366983899045,-0.3645551104823032,0.2879836502022344,-0.4555547495768661,8.735714285714286
2.0509105557242195,-0.8289467289212652,-0.849266221123238,-0.8603253713637338,-0.8671714541679366,-0.8868989418687696,-0.8792734938187796,-1.5786517723482036,1.0981174575797956,-1.4465408290753667,0.7600573490612428,-1.0432832936511462,0.6467208438443481,-0.6378356930107312,0.6104047047806598,-0.4555547495768661,10.375714285714285
0.679914534043274,-0.7950643084217396,-0.8198804921603641,-0.844920114553032,-0.8572124940490612,-0.8665141692941548,-0.884818592417817,-0.767589525484876,1.1387252124028928,-1.1528573996657996,0.8514218668070976,-0.9784288116032582,0.7362613624311865,-0.6981948926520699,0.7009364248392855,-0.4555547495768661,10.9
2.0662627521152026,-0.7842325590111768,-0.7856319471356136,-0.8150496855007855,-0.8415494855648855,-0.8563688972731986,-0.8641360120110627,0.49610277315101503,0.25234874413864566,-0.5145048477576164,0.40604573339618394,-0.6715425476898231,0.42633639126980905,-0.6200214393240986,0.43217490387628904,2.183983064147917,10.263857142857143
2.0263183721589915,-0.79737527839135,-0.7746831526895479,-0.7802362311332942,-0.8111792821063954,-0.8404128657355955,-0.8538425243818151,0.9499665499231341,-0.43297608525401243,0.08005330927250498,0.019606527673710412,-0.364794744687859,0.15183185149719866,-0.4501061510770761,0.19258186376567096,-0.4555547495768661,9.674285714285714
1.5633672853679974,-0.8034463706359078,-0.8002800617759903,-0.7826107028031326,-0.7644677508986673,-0.7734163789842032,-0.806263028931454,-0.13703326604473762,0.14314982652231742,0.13879310894570565,0.2521224204274678,-0.21662963977118213,0.3135611750967454,-0.3866439641198489,0.3346279406651811,-0.4555547495768661,10.27
1.428503891693039,-0.7972483668859947,-0.7941045837096808,-0.7951259576963936,-0.778197549477414,-0.7618890884836121,-0.7696781255309085,1.3854739514609058,-1.3632882610397705,0.8965824348663802,-0.7046524781159704,0.35938788283140427,-0.37432097021161054,-0.0037301108297022444,-0.262554136884853,-0.4555547495768661,8.808571428571428
0.31471884564023206,-0.8274414994391435,-0.7878396059612507,-0.7888486187991195,-0.7909222022361133,-0.7758757436877355,-0.7579824290605249,1.831921326949702,-1.7290705081858595,1.2601688475105168,-1.107316298384807,0.7822326143518211,-0.7080599093333362,0.3160359765124481,-0.5695367628794262,-0.4555547495768661,7.914285714285714
2.583847730517089,-0.8459174534745992,-0.8183589975643168,-0.782480303975798,-0.7845398346057505,-0.7888384488364928,-0.7721734199004753,-0.9235379580089835,-0.14054151704242032,-0.05094392793680614,-0.2224944352276169,0.07733071112675943,-0.10502720321800076,-0.0996604901248161,-0.05917445544500078,2.183983064147917,9.757142857142856
1.3245634357662734,-0.8078440018679892,-0.8370345979001129,-0.8135030947579789,-0.7780649688937882,-0.7823366800800287,-0.7853255014626748,-0.5474408349918447,-0.13349860094467644,-0.04825637317854431,-0.21795406979274778,0.0513114798378885,-0.10174293498922839,-0.040464115494476594,-0.05631700456125679,2.183983064147917,9.768571428571429
1.4373984368238932,-0.807607887439421,-0.7985497345883287,-0.8324867379932137,-0.8096068147192047,-0.775740682790862,-0.7787287462327855,-0.41873765416416675,0.36870902510530784,-0.41589033906531336,0.11248403457803414,-0.2104806386447881,0.1376823862533216,-0.15618089667833987,0.15177593196422734,-0.4555547495768661,10.602857142857143
0.6205267019304748,-0.7903715341539479,-0.7983110687693409,-0.7933670897928097,-0.8289080810796258,-0.8078726124423736,-0.7720363858546371,-0.49830401023685333,0.6210636741924714,-0.6003207241661361,0.31435591327772644,-0.33375155052076116,0.291211166124709,-0.22377974244287518,0.28787816207350825,-0.4555547495768661,11.184285714285716
0.9649324191914647,-0.7399020750475116,-0.7687463404422261,-0.7754145070527791,-0.7888872444409252,-0.7870166972042467,-0.8245873490144799,0.18510479364941576,0.02898337502765454,-0.3353609796270819,0.1975490284693374,-0.39392480537654917,0.27194906082447723,-0.32406289135019434,0.300582103153321,2.183983064147917,12.15
1.553471663295071,-0.7584075433865383,-0.7298736451745869,-0.7630721064190084,-0.7708809512228965,-0.7867654211170405,-0.7834771352629958,0.5284721384984234,-0.02025450719141375,-0.13683616536102894,0.16973740797939144,-0.32986442502995483,0.25218090318257536,-0.2882181398429555,0.283620619356207,-0.4555547495768661,12.107142857142858
0.12390794061114571,-0.7573450284579817,-0.7494740755589606,-0.7425721977496493,-0.7181570447112032,-0.7556385958143542,-0.7646110526731672,-0.5940947289223586,0.7781145493577398,-0.3233210366129259,0.6383510326794042,-0.387190397559464,0.6017989687073265,-0.4092150742167835,0.5928664710304753,-0.4555547495768661,13.525714285714287
0.706372574631989,-0.7299852690476503,-0.7475050825523112,-0.7434819570101238,-0.7374891437654908,-0.7147120031106206,-0.7516406208926603,-0.6367342035279636,0.9734069367281996,-0.42585275376371695,0.8409612488521734,-0.43966293825573005,0.7754453246367642,-0.4670323441170765,0.7557255193565227,-0.4555547495768661,14.401428571428571
2.1282778237144733,-0.7118930009586178,-0.7198496807770989,-0.7414804866370799,-0.7384141245814853,-0.734405766445418,-0.7101161181653861,-1.1719429540672612,1.1839093802706995,-0.9559859506300863,1.1928702827533606,-0.6908622080705425,1.131713728397609,-0.6419203812531855,1.1179733620274488,-0.4555547495768661,16.914285714285715
2.2781902707627446,-0.6599773409772015,-0.7015619123971579,-0.7133689254884175,-0.7363791667862972,-0.7353480517724418,-0.7300975941515725,-1.1489335132268592,1.2407052593705732,-1.0934874150184595,1.3435403159764694,-0.7919252351437173,1.3149756781778392,-0.701068801970308,1.3229815086324905,-0.4555547495768661,18.900000000000002
1.8056796041587213,-0.6205167171027538,-0.6089598729621621,-0.5992851142249135,-0.6346621097207554,-0.6849043772657677,-0.6994083415603483,-1.2441971940852772,1.2762944645829548,-0.9527794835687913,1.520606975184079,-0.8395914723841795,1.5681434109795775,-0.729628050617916,1.6303500230932921,-0.4555547495768661,23.06427142857143
1.9721427199934143,-0.5329185592470155,-0.6091982404488762,-0.6006500563687122,-0.5918046652463379,-0.6296550475912721,-0.679873022932705,-1.529211927590532,1.2978508520631489,-1.150886904168836,1.6022518309629632,-0.9678080162519569,1.7010593456674035,-0.8335545574853955,1.807633287904799,-0.4555547495768661,26.83857142857143
2.369215424169253,-0.4549414740693568,-0.520653519936673,-0.6008923555850851,-0.5931924447972686,-0.5859958274391693,-0.6238165376700224,-0.5916181664465111,1.3011847006206385,-0.9290885573832351,1.616440189333672,-0.8393832614643671,1.7256947222988344,-0.7797691987825528,1.8418833494312319,-0.4555547495768661,27.75714285714286
1.8009162638733207,-0.4359637768731938,-0.44183383488367545,-0.5108871426685602,-0.5934387980212618,-0.5874095695248142,-0.5795194856432294,0.6926554944019928,0.046404579090650384,-0.3265601666535126,0.7258684947252293,-0.4869399705200472,1.0066353762396367,-0.5622371261874642,1.1817154151883091,-0.4555547495768661,25.72142857142857
2.5018510691562192,-0.6486143341023606,-0.6032912614289279,-0.45448176526605355,-0.40064196327411633,-0.4114531753634607,-0.48662346860180405,-1.0879819919034983,-0.3718173710658809,0.47471804343323304,-0.32820248546200825,0.11654962774069455,-0.10749257914649138,-0.08391094787656028,0.018742146924358202,-0.4555547495768661,21.868571428571432
2.508806908941511,-0.5576217361929197,-0.6375994729084253,-0.5948879444659534,-0.4445785520338609,-0.39125685985425057,-0.40242688268431676,-1.683823962366449,0.2518589548219464,-0.4694411185721188,0.1425011578985366,-0.2890468646241768,0.2760263528971174,-0.33440778247970704,0.3796889950250581,-0.4555547495768661,25.84857142857143
1.7696972329450786,-0.4753948864440706,-0.5456236329159987,-0.6297620494508097,-0.5873339246356973,-0.43601541288788115,-0.38193551257408087,-0.5858795092501021,0.3429801645628733,-0.6383101691570766,0.21305920982731869,-0.2575749218144341,0.3339605838694396,-0.31413836817364377,0.43455153363521726,2.183983064147917,26.52
1.1630305063739932,-0.46152316376569336,-0.46250826145349444,-0.5362691227827122,-0.6227915225821578,-0.5814414483585544,-0.42734795799723196,0.8202163797918846,-0.4727978351140175,-0.2558207931756426,-0.2512063840358574,0.02438640458188591,-0.04153165755522096,-0.0944057565906674,0.07642186913121099,-0.4555547495768661,24.302857142857142
1.3440985358119246,-0.5073293629079094,-0.44848664458796067,-0.4517828127933125,-0.5277343273917772,-0.6175623858944667,-0.5748985701440316,1.2792611782053778,-1.0107606565326526,0.324383268064973,-0.608226366909139,0.22567469009015192,-0.3372437072315781,0.12169989610913289,-0.20837894877855256,-0.4555547495768661,22.38
1.0702992922633898,-0.5470556155144962,-0.4947878134715955,-0.4375299177125452,-0.4418344422797435,-0.5207268637873208,-0.6115472103100833,0.36639699237750284,-0.781047931887198,0.4182294199997748,-0.5133492090508885,0.07529071944592651,-0.2720233661781537,0.10317283130456917,-0.15178685004232945,-0.4555547495768661,22.882857142857144
1.0378112905635066,-0.7319922416904793,-0.7092290518321414,-0.7061211767133039,-0.5058431147465712,-0.5094822588848368,-0.45899326207104885,0.675926933660938,-1.9891154923907737,1.7155524666738178,-1.7039806250346616,1.7169932446660519,-1.3664265982799286,1.188938181814612,-1.2565411434801237,-0.4555547495768661,12.964285714285714
1.369553149512694,-0.7415843903510594,-0.7218783402384952,-0.7025731155974532,-0.700428245737973,-0.4984261110477575,-0.5018881052567059,-0.37469960887077786,-1.017215270022733,0.5421594069602719,-1.3206995009871134,0.9878349416788565,-1.1249079115841274,0.8138322531391157,-1.0588877745389078,-0.4555547495768661,14.245714285714286
1.8330682233133064,-0.7151100600478585,-0.7315741391348749,-0.7154310464788263,-0.6968208205555939,-0.6966515343426644,-0.49067043452761877,1.1291272982378853,-1.5915944546516356,0.7347070690443098,-1.604413296711917,1.26602692686851,-1.3537537637791952,1.250722909100462,-1.2783068680799985,-0.4555547495768661,12.185714285714285
1.124841535985219,-0.7576696857972629,-0.7048137341808669,-0.7252867718006335,-0.7098938827549846,-0.6929766215672715,-0.6917917980823602,-1.393254548625186,0.06670609762015446,-0.7436495519709441,-0.5618686386032631,-0.06900003984353983,-0.6267551666042914,0.26128689509420894,-0.6623245541575792,-0.4555547495768661,16.57
0.4364812910709337,-0.6670902881378162,-0.7478332480534194,-0.6980849699124456,-0.719914508261593,-0.7062942541892079,-0.6880631973002488,-1.4453249631887888,0.3655127755599244,-0.9456824205245913,-0.2834733427453519,-0.42401457852428487,-0.40993839395941023,-0.041889407954935585,-0.4700222465703217,-0.4555547495768661,18.177142857142858
0.7441644041681569,-0.6338866966204239,-0.6562750732442214,-0.7418140650325873,-0.6922575818633538,-0.7165023452319658,-0.7015753915875582,-1.052600781988115,0.7057244343045912,-1.1597517887794744,0.08888176883809984,-0.7906117928649031,-0.1054639997354146,-0.36289613733459714,-0.1945320177935045,2.183983064147917,20.667142857142856
0.013352387050732946,-0.5824432654961438,-0.6227126924490608,-0.6487456926860445,-0.7367183264188286,-0.6883280139539542,-0.7119326159823121,-0.021737649739694873,0.3175434126042606,-0.6908424486964138,-0.0778680664810084,-0.6025260369185107,-0.21414648636464909,-0.3408840139159981,-0.286790051005712,-0.4555547495768661,20.002857142857145
0.14403287707102275,-0.596167416656666,-0.5707133771370921,-0.6146297204182503,-0.6420927889425788,-0.7336205286728982,-0.6833466766527917,-0.8991443981473448,0.8251634985803407,-1.0504277735422243,0.4109071877444197,-0.8491262925208941,0.19577303842939428,-0.6260424301382395,0.08903453014461551,-0.4555547495768661,23.64428571428571
0.035761470899563795,-0.5209354568541475,-0.5845858278657584,-0.5617727073846811,-0.6074060083427806,-0.6372247397183634,-0.7293008845827453,-0.6069387326886033,0.8870476495788074,-0.7095586232448443,0.4873385868687891,-0.7535561585092664,0.26430973008904124,-0.660725336645479,0.15361759819256274,-0.4555547495768661,24.330000000000002
0.444682602169132,-0.50676859114006,-0.508540931290768,-0.575873975922036,-0.5536646229334932,-0.6018890399549708,-0.6314968179135168,-0.5189011110728355,1.044184674266174,-0.7351301333123523,0.7051866923243819,-0.7602707371613937,0.4647789783703841,-0.6963378640151695,0.34419614306517476,-0.4555547495768661,26.414285714285715
0.5021881276373305,-0.4637072222299485,-0.4942209821514994,-0.49857476409038504,-0.5680018255814097,-0.5471422624548881,-0.5956448873162922,-0.47321908813037444,1.1159600375180707,-0.6418955059579587,0.8288432716867785,-0.7020067469293667,0.584610986516351,-0.6780427042617252,0.4604007160951754,-0.4555547495768661,27.762857142857143
0.9323386699272781,-0.43584571965890984,-0.4506943034135979,-0.4840186159227927,-0.48940928891573354,-0.5617476850237568,-0.540098296177659,0.05650631644463749,0.973310403395697,-0.3826250520114412,0.772380550911749,-0.48910925506743663,0.5507594947445671,-0.5718535093139681,0.4336347412368827,-0.4555547495768661,27.617142857142856
0.6730479922011721,-0.43885617862315346,-0.4225317367730365,-0.43977399055504895,-0.4746095958598195,-0.48168484173763476,-0.5549170941578451,-0.46933799111345914,1.1556175176357792,-0.5108821405466841,1.0164911079510754,-0.5611167840111473,0.7875622406540175,-0.6114094394912833,0.6632006028888392,2.183983064147917,30.282857142857143
1.595375898109705,-0.3837824881596385,-0.4255747259651311,-0.4111468991587843,-0.4296246955086145,-0.4666082765052538,-0.4736845865202227,0.4988432567737221,-0.3086978666481197,0.04702504882168709,0.1933725514252312,-0.21753058633097613,0.2545631421246183,-0.37890254377235927,0.23287200384581536,-0.4555547495768661,27.922857142857143
0.8256417274910033,-0.4325401176589561,-0.3699059236862247,-0.41424008064439766,-0.40051863249865044,-0.42078180010099636,-0.4583877627987401,-0.3422942793129263,0.4524003536202709,-0.3335464030032561,0.603653737679071,-0.4105326656198738,0.57539259481881,-0.4643050951815,0.5273688318493147,-0.4555547495768661,31.27857142857143
0.2780244408269462,-0.3632110185706407,-0.4191904153072072,-0.35765305464288294,-0.4036635672730322,-0.39113122181064747,-0.4118917923619841,-0.7562956442115714,0.7445126654440574,-0.4995806157278444,0.8179208070713183,-0.46246625645120304,0.7630819228742322,-0.4968828727695757,0.7091557710266919,2.183983064147917,33.71
1.0095061925182918,-0.31330233123205337,-0.29833601121725567,-0.33651631449119174,-0.39706537078560383,-0.33572484458164803,-0.3850586140838836,-0.4116751433473477,1.0102509660474295,-0.5059599818040715,1.0390959377773534,-0.45413135627912193,0.9658795247487753,-0.4708655780661381,0.9096628750036728,2.183983064147917,36.566428571428574
2.0175084250795803,-0.2539638239025268,-0.2986641767183638,-0.28490263911360436,-0.3246393728932251,-0.3876133565897586,-0.32559221186662046,0.17497839772591722,0.18774379357208335,-0.1944919941087275,0.5847119175431659,-0.26574542214863117,0.6598156353070869,-0.3230646028424174,0.6602739910841847,-0.4555547495768661,35.277142857142856
0.19260390832851906,-0.2806004828753684,-0.23868447308399027,-0.2852362175091116,-0.2721621279324636,-0.31383241548379504,-0.3782387801747226,-0.054813956351865624,0.5782301256179391,-0.22791980367576295,0.7801793659445669,-0.32101511809780137,0.8116098235290683,-0.35167086277984155,0.8014997852816733,-0.4555547495768661,37.155857142857144
0.5595738058659849,-0.24178622224912583,-0.26560896078855245,-0.22426718440297805,-0.27250128756499487,-0.2603734279306448,-0.3033799490877178,0.04728038925451756,0.43092956021109013,-0.05828080428567248,0.7070447551982563,-0.21605523073082805,0.7635621754480738,-0.27682835887202845,0.7628704820870045,2.183983064147917,36.96714285714285
1.1233305207886168,-0.24568506175085708,-0.22637528346969407,-0.25163577548891974,-0.21051215654642205,-0.2607189325505534,-0.2491399616419612,-0.43853553369074977,0.9385718861722627,-0.3562833585779866,1.0202571407166732,-0.3731890714789496,1.0182901269761777,-0.3776144603878599,1.0044516140048814,-0.4555547495768661,40.36
0.502989459180163,-0.1755885907696952,-0.23031625280573034,-0.21175496204058528,-0.238338662760927,-0.1975701108845084,-0.2494905138522451,-0.9514973294037117,1.1500998162547282,-0.6712398013933912,1.2728765685095766,-0.5387331480104264,1.271691242750904,-0.5091500686665011,1.2700392636690918,-0.4555547495768661,45.30428571428571
0.3724123667783032,-0.07343958611041061,-0.15946233779372465,-0.2157609353175415,-0.19779058705710942,-0.2259171944724745,-0.18541913032716076,-0.23101881930932205,1.151354208286866,-0.4957885873839564,1.2746545596900596,-0.4302332346415809,1.2736162944928398,-0.43638862297319614,1.2721391066051875,-0.4555547495768661,45.348571428571425
-0.12462233496061925,-0.07252464269970914,-0.05620953785412407,-0.1437383271966425,-0.2018635859168725,-0.1846105466868411,-0.2141803457618232,-0.2353353339827711,1.2187689023942476,-0.5230438174737233,1.3758806994361155,-0.4746465750942438,1.3852219913781745,-0.46731522746404136,1.3950039053303591,-0.4555547495768661,48.01714285714286
0.006617442177541962,-0.017391923629052113,-0.055284707805546326,-0.03878243384656625,-0.12863593798396497,-0.18875974307683602,-0.17227023560323648,-0.2422597065328025,1.2439968617534658,-0.43800777119143236,1.4226762988927721,-0.44045519027583296,1.4401379069027862,-0.4379544473255252,1.4573303112621216,-0.4555547495768661,49.5
0.5415520709628092,0.013243923477661962,0.00044376092810703114,-0.03784234927740927,-0.021923984512052273,-0.11416215468745175,-0.1764800489649196,-0.2027489500592246,1.2687755696096568,-0.36355508780098006,1.4764506438140477,-0.4385666135339008,1.5060151700535922,-0.43160526503124036,1.53364597433935,2.183983064147917,51.42857142857143
-0.07238303819473106,0.053088233298532926,0.03141065094177516,0.018805327341470477,-0.020968171002191182,-0.005453837459806019,-0.10079263992633439,0.4073734385957088,-0.0538690734436073,0.030737332127254092,0.6796610670332849,-0.21573717206357276,0.9429866637013897,-0.28971293786647945,1.0661032154233385,-0.4555547495768661,49.222857142857144
-0.007698428083267343,0.007518148584884982,0.07168550789596788,0.05028299775388861,0.036627301140407284,-0.004480142621881441,0.009503832782104775,0.33611832899595007,0.04016192037468484,0.07689986330171185,0.7105347324221605,-0.14412212718026893,0.9632173937357339,-0.24076531295586062,1.0839912713505853,-0.4555547495768661,49.52285714285715
-0.12263193080584159,0.013716152334798325,0.025623004831320836,0.09122216447524173,0.06863163737382115,0.05419282374080062,0.010491752647450503,0.25786559150873317,-0.29216403159315174,0.19889487678190726,0.5281000068994879,-0.0277168283554288,0.8382509084018386,-0.17333655211287968,0.9818127364443419,2.183983064147917,49.06285714285714
-0.021537259331774566,0.0042125465849311705,0.031887982579750895,0.04439988786948679,0.11025577409357912,0.0867958960558241,0.07002189163021987,0.2491356464331709,-0.3159671166107719,0.22118808575825183,0.5165139061209387,0.03725299934853949,0.8306454897955347,-0.11879971891166334,0.9757257396292213,-0.4555547495768661,49.037142857142854
1.9221664211036191,0.0036812891206528713,0.022281683365491443,0.05076820269280847,0.06265009476372263,0.12919873577189517,0.10310127292792569,-0.4329291465473263,0.8950957868999142,-0.17018680445309725,1.017674316734063,-0.16748649196561438,1.15637541050181,-0.2348032163875823,1.2570135606237958,-0.4555547495768661,53.37428571428571
0.3003348269490939,0.09328671476225595,0.021744685272768852,0.04100345329704853,0.06912496047568506,0.08070245094107022,0.14612358964459518,-0.12219568987616695,0.9016688562340139,-0.14129774882054347,1.0227169552897315,-0.11674490023918001,1.160169602914798,-0.17843150516033587,1.26049504883895,-0.4555547495768661,53.43571428571429
1.9023634272283991,0.09455582981580975,0.11231836357864218,0.040457597740763795,0.05919683305067596,0.08729844823023691,0.09691880667382656,0.2941932824377673,0.2846384304399689,-0.017090730502099083,0.7267955304475082,-0.04930644363223094,0.9672079481599507,-0.1095730294398338,1.1069442091055723,2.183983064147917,52.82857142857143
0.1826824368509851,0.08201225079812809,0.11360119235570179,0.13252523490078452,0.05864184456107917,0.07718458572018129,0.10361116705197523,-0.3516733910685713,0.975255090791299,-0.30396198962180704,1.130088908253203,-0.23694139673469228,1.2559644242663757,-0.2334657660364703,1.3644449226027426,-0.4555547495768661,57.17714285714286
0.10394750036240734,0.17185379086829933,0.10092207072197439,0.13382922317413146,0.1522499031397348,0.07661921452396699,0.09334954780548056,0.11290165481422758,0.10583227674528818,-0.05503918058908143,0.5618410047838057,-0.13092174086179817,0.8436590698133306,-0.14337784285724087,1.019073450208798,-0.4555547495768661,55.67142857142857
-0.519323943750188,0.1407457149044489,0.19173441484683557,0.12094096698407578,0.1535757089759939,0.1719784896187756,0.09277591691592495,-0.30574563397660426,0.7672837985041918,-0.2965889958390417,0.9711798663116896,-0.2985546499918519,1.1422655559788952,-0.2682225839943808,1.2837148714873219,-0.4555547495768661,60.34285714285714
-0.2149542543344718,0.23725748758166956,0.16029019319519172,0.21325120661355643,0.1404718140827367,0.1733290985875099,0.18952832695430158,-0.7149050840839444,1.0336670016521234,-0.5384723727309602,1.2219498294257247,-0.4416691928045565,1.3616053117892006,-0.38274683434819373,1.4990369987786476,-0.4555547495768661,65.66857142857143
1.2122148735044493,0.3472868112944153,0.2578448467064584,0.18128833126221844,0.23432653421232427,0.15998005645467261,0.19089866741268455,-1.30299239937282,1.2120140595837499,-1.0130538377675131,1.4722114395280397,-0.7337031995798422,1.6271571851747442,-0.6122394969775687,1.7933559111070871,2.183983064147917,77.88285714285713
0.7357022490780101,0.5996341068265977,0.3690631183547771,0.28045209065394033,0.2018288748770465,0.25559060763668767,0.17735460474262185,-1.4303680325822339,1.2648966671653599,-1.2420977664477877,1.576927500746706,-0.9068915123493693,1.7592595959792874,-0.7552706041103103,1.9577927975327563,-0.4555547495768661,90.52571428571427
0.5828594195255974,0.8608356934300847,0.6241372123979972,0.39350484142223974,0.30265178382046015,0.22248498314725135,0.27436196184302325,0.5462414513033381,-0.06766581637374235,-0.4641219988248067,0.4305548643561353,-0.5142028739882863,0.7221518180176715,-0.49962451241077205,0.9337271957658364,-0.4555547495768661,80.75
0.12757855606541102,0.6588693140936259,0.8881612746532602,0.6527862306574758,0.417596066554725,0.3251940837928456,0.2407726864212679,0.7503603899375862,-0.14428668894980248,-0.1424945748970902,0.3678770640637262,-0.3749309760655484,0.6657080200193461,-0.4124083033930011,0.877702015048713,2.183983064147917,80.14142857142858
-0.18922939685826046,0.6462962207723735,0.6840124997365639,0.921165212497457,0.6812155991131917,0.44228874043100314,0.3449822980238672,-0.35032859323749255,0.3556594881431849,-0.2523246832043863,0.6328583534180108,-0.4409502489554136,0.8706805010687516,-0.4666377205044226,1.068029190233531,-0.4555547495768661,86.55428571428571
0.11117123397726744,0.7787859295026619,0.6713035448754632,0.7136491251832209,0.9540849398316047,0.7108400586327861,0.46378762892738096,-0.20660171273763647,0.4527925451696062,-0.09918605071283541,0.6864677758900776,-0.35888032286440386,0.9121807054263816,-0.42033381497324634,1.1066501539293836,-0.4555547495768661,87.95714285714287
-0.28993162737146816,0.8077689756093994,0.805224902554997,0.7007305436844828,0.743096815703232,0.9888142301048072,0.7362623014662873,-0.601735908769819,0.885399587154568,-0.421133728502575,0.9797409311084859,-0.47134665755782623,1.1479640317659405,-0.5094726116333994,1.330058683244911,2.183983064147917,97.2057142857143
0.6630301729428283,0.9988445769281536,0.8345211318357508,0.8368608543601523,0.7299620881161085,0.7738789470106786,1.0182974888311203,0.1531059216757728,0.08440504559327296,-0.1806020315305411,0.49512131283834754,-0.2308557265914714,0.7583325564596187,-0.3522950863613511,0.9624338959836111,2.183983064147917,93.22714285714287
-0.2517074077945929,0.9166472414828755,1.0276614458516347,0.8666403074863517,0.8683700508827701,0.7604984953669407,0.8002221456517361,1.4381376217443318,-1.155588029846708,0.5272395897355033,-0.4920881080578469,0.22516446017087696,-0.09053975301760281,-0.04351410871394833,0.1356048688927569,-0.4555547495768661,82.39999999999999
1.8125226465420892,0.6929583347181487,0.9445759076165039,1.0629663558967515,0.898647756259661,0.9014957898006019,0.7866462145989205,1.4159438258692574,-1.5303831950137154,0.965050566349973,-0.8964467403348884,0.4926647698108625,-0.46708835583917024,0.18865943908442104,-0.24540402193059097,-0.4555547495768661,76.17857142857143
0.332954425617888,0.5644235426663764,0.7184698773529286,0.9785103712160342,1.0982586163513,0.9323399295051813,0.9297033847775346,0.6285075930140362,-1.583383955179566,0.9016509656320056,-0.952933735232508,0.46339253290194043,-0.519352996166919,0.25548529594837777,-0.2981240538982929,-0.4555547495768661,75.28571428571429
0.7234989801573958,0.5459771029344918,0.5885461721414406,0.7486748567114894,1.0123895639331328,1.1356851030769173,0.9609981366410677,1.5418732044361567,-2.0068376050617074,1.5929541034057533,-1.5092514343794186,0.9595610768258054,-1.0575668532781974,0.6596299475881781,-0.8513122815294482,-0.4555547495768661,64.80285714285715
0.47486060707545397,0.3294011433303801,0.5699004050330181,0.6166081373992729,0.7787085771190247,1.0482096152182079,1.1673140465845624,1.307405612848756,-2.084603536709132,1.430399429663391,-1.6461137009697446,1.0719540441834967,-1.1991631814493984,0.7658141415200733,-1.0011309568393618,-0.4555547495768661,61.49571428571429
0.21319178412545772,0.2610755305634792,0.3509841825664508,0.5976548194727206,0.6444321953304726,0.8101569321010947,1.078560600617211,0.5601009250191058,-2.1115412445699193,1.044109888768004,-1.6911000983386342,0.9899528860965254,-1.2447072427091344,0.7230439207806049,-1.0487664817367792,-0.4555547495768661,60.457142857142856
0.714479887895251,0.2396186318673508,0.28192026119685376,0.3751277043606548,0.625161761663918,0.6733685121281399,0.837030127731553,-0.19894407268052244,-1.0173309741818162,0.3969600523840315,-1.2294200996870248,0.6118552590467768,-0.9531138498069377,0.4968069601027375,-0.8114630024874782,-0.4555547495768661,64.28285714285714
0.0054988679417991475,0.31865793683053023,0.26023150489633645,0.30492461476070487,0.3989114540716338,0.6537375678151441,0.698243320841853,0.11442003595712617,-1.1937176957689226,0.3121558952705639,-1.308987555471195,0.48806366701398146,-1.0176639786605204,0.49637716740819143,-0.8737011642458711,2.183983064147917,63.11585714285714
-0.3312718751764841,0.2945477022433677,0.3401248878025053,0.282878115348539,0.32753376777071563,0.4232545768251226,0.6783255816211728,0.7474635246982525,-1.6327254842676666,0.403316807363559,-1.5417871742858167,0.4989002881049578,-1.2091792470623226,0.5713673294369966,-1.0584528656320615,-0.4555547495768661,59.63142857142857
-0.343357646803428,0.22255936440330387,0.3157541243611127,0.3640892920002305,0.30511839932977913,0.350541559089786,0.44447538897900957,-0.355129073244617,-0.1509058097882996,-0.14738057839613078,-0.7452429306532599,0.05470669435759693,-0.6943497834257016,0.23224431597946066,-0.6411900838207528,-0.4555547495768661,66.07714285714286
-0.4177310837509582,0.35572790211572586,0.24298789947446736,0.3393165473375095,0.3876883535042322,0.327706844664909,0.3707000829056098,-0.7167087298006743,0.3978288389023085,-0.39894279094293594,-0.27875627692364685,-0.19984184543979486,-0.35602168085517305,-0.015794806367698953,-0.3543631676571342,2.183983064147917,71.17428571428572
-0.23981433172926853,0.46103493725710915,0.37759542138359137,0.26535008693006346,0.3625011258846987,0.41182151485723356,0.3475317686441143,0.164496066716285,-0.14109630899710227,-0.12566978482913205,-0.5095051840759501,-0.13970161604541284,-0.5113020833103373,-0.012122598524751641,-0.4901522838386455,2.183983064147917,69.00428571428571
0.26890900078399166,0.4162027101327365,0.48404037665215394,0.40217787970543023,0.2872971022749495,0.3861630854023755,0.43287529765688515,-0.239355611461008,0.4619151658154647,-0.3775117597907046,-0.05014503428759453,-0.3080553761942186,-0.17166660998822125,-0.19274936922148708,-0.20007650565009033,-0.4555547495768661,74.28999999999999
0.27080305715795955,0.5254056333454937,0.43872370427184376,0.5103785810845323,0.4264142170005405,0.3095521473642505,0.40684201578588713,-0.6182072798502468,0.8057629735292487,-0.5417131943093942,0.3260276827434466,-0.42807505145118496,0.13700866224440386,-0.3311624271024562,0.07520185534772557,-0.4555547495768661,80.00285714285714
-0.5595573670488282,0.6434333333259847,0.549106645553705,0.46431443719583937,0.5364252687161674,0.45127186054863017,0.3291118434128292,0.19392668231449253,0.09157679093494127,-0.15740919053602423,-0.020278629716699848,-0.2544114896313242,-0.08988805019117864,-0.2584043140479016,-0.11573811982818683,-0.4555547495768661,77.28285714285714
-0.030257908467996388,0.5872380993267713,0.6684097218202358,0.5765180793210292,0.489590406732973,0.5633409954426608,0.47290198639476444,0.676972364334066,-0.586704333972283,0.1607806937146741,-0.3838902799555642,-0.08779617945968085,-0.3344474000558882,-0.1522130372289407,-0.3234657356497551,-0.4555547495768661,74.24
-0.559275373544019,0.5243726327205083,0.6116072569011374,0.6977889887422818,0.6036713740389761,0.5156299483843557,0.586608376057784,0.20624931626637588,-0.2610038790357378,0.10394192279513963,-0.23323605428630198,-0.09007594887435187,-0.23049556562050066,-0.15904583587366697,-0.23654419710286784,-0.4555547495768661,75.77714285714286
-0.6572657665193125,0.5561300233629212,0.5480624825956334,0.6400496010108327,0.7269713168110591,0.6318451387172909,0.5382003026558426,0.10735048298918445,-0.2107053161030398,0.1749085345752875,-0.21191219361266692,-0.02102011191387692,-0.21623867921465095,-0.12559419946847727,-0.22482216143195963,-0.4555547495768661,75.97428571428573
0.10782726099940605,0.5602029972557214,0.5801630352494939,0.5754566935171422,0.6682658676892671,0.7574517728095636,0.6561133188422699,-0.6123255663759719,0.826161431605688,-0.2855143220541395,0.4998142192749569,-0.26313127486261195,0.3199312859537069,-0.2984669959503093,0.23729061247241384,-0.4555547495768661,84.65428571428572
-0.10012649917620096,0.7395319057532115,0.5842800206270337,0.6080867256594951,0.602592229753649,0.697648064054453,0.7835549814718707,-0.8135656743413477,1.0579714816625123,-0.5842142896530981,0.8449142439374622,-0.41825968449702405,0.646285390200243,-0.3992443860086304,0.5478690478256089,2.183983064147917,92.22428571428573
-1.018796546479496,0.8959282003760227,0.765546710148274,0.612271618257678,0.6357682083539896,0.6307458058357632,0.7228775807099903,-0.26238743814856663,1.0956109394160338,-0.5115627871555883,0.9113658268864461,-0.3754283053544705,0.7139830569270125,-0.3652757623301149,0.6146329291216517,-0.4555547495768661,94.03
-0.6909582833325946,0.933234280089786,0.9236329820003238,0.7965281938124491,0.6400231201075651,0.664542439565017,0.6549979254459118,-0.03918532496257135,1.140539932465434,-0.407155708298762,0.9894153581855686,-0.3546870491426215,0.7933160797427334,-0.34709329595835886,0.692736257812337,-0.4555547495768661,96.13
-0.4027625999504478,0.9766203063391787,0.9613421814003973,0.9572220045209306,0.8273625680403421,0.6688769520693267,0.6892883052882353,-0.1029948219768114,1.1923124525556994,-0.3332432014123519,1.0894172269166134,-0.3662584092971979,0.8975075802099293,-0.3484542810953233,0.796286372668104,2.183983064147917,98.97
-0.6542851958854461,1.0352947418383576,1.005197025639407,0.9955531946955899,0.9907450128388587,0.8597211403025469,0.6936861421081616,0.04353692267582622,1.2038026237852617,-0.14573776265884084,1.1124805394712967,-0.30415743044055926,0.9216089399920926,-0.302384798191719,0.8202181677561762,2.183983064147917,99.62
-0.8147406348099817,1.0487237499631696,1.0645054816578774,1.040131398458841,1.0297175378860985,1.026160138565851,0.8873184357159271,-0.49701341207143773,1.2803722803071707,-0.39278883819096205,1.3539345653714898,-0.4349873600712565,1.2082301664566428,-0.4102278634561087,1.1212763899477771,-0.4555547495768661,109.01
-0.5906622980337197,1.2427212673354546,1.0780796001128092,1.1004181121196188,1.0750415978698349,1.0658617603444536,1.056188995924543,-0.5270126656157578,1.2955371257549768,-0.4707709595895021,1.4437922304450688,-0.4542417615879878,1.3383479053785543,-0.44854209867282185,1.27123754004128,-0.4555547495768661,115.0
-0.9754246898973448,1.3664747422087224,1.2741734036386674,1.114216127570149,1.1363369932764118,1.1120337413686197,1.0964706317244466,0.4014146706635216,-0.017556539497123342,-0.0836493137683663,0.5599452058355987,-0.2053267469378782,0.7081643311738269,-0.29884320087977095,0.7479121459393163,-0.4555547495768661,109.33
-0.5770449793973712,1.249332471335362,1.3992641260156522,1.3135443815401147,1.1503658689856635,1.174475849039397,1.1433171543714866,-0.24202418090137734,0.6164400420321243,-0.3365936734644365,0.9082994163201671,-0.3397312585148084,0.992693344370576,-0.3854647550027014,1.022751277890112,-0.4555547495768661,118.93
-0.657006627916655,1.4476685913325862,1.2808560465703258,1.440698400845769,1.353029165770085,1.188767176499258,1.2066714992846266,-0.5711968420916359,0.8711914970653725,-0.44196748538597014,1.093461789224912,-0.412702121938172,1.16226326213473,-0.42248815614939067,1.19740195745493,2.183983064147917,126.6
-0.9420439874020052,1.6061308872053681,1.481335334520085,1.3203372506849909,1.4823106511522663,1.3952218916501726,1.2211716134372819,0.046630773434808315,0.5989410409005098,-0.20035102296756627,0.9249729330423618,-0.2953962632812516,1.0369811635015602,-0.32874003580851846,1.0897444480543,-0.4555547495768661,125.32
-0.07276365892784716,1.5796860712057383,1.6415099322882776,1.524123325031282,1.359935689196178,1.5269219708571993,1.4306424932733324,0.024488132267156893,0.7872341733652618,-0.203650121713369,1.0287303635968672,-0.28461096247095935,1.1234674157476117,-0.31764138477525916,1.1753077136557804,-0.4555547495768661,128.95
-0.9124712849108216,1.6546819165796887,1.614779360561643,1.686939907347537,1.567131391978973,1.4022576220919503,1.5642666221570323,0.11474538406392878,0.6871448308146356,-0.0928020203180146,0.9803529462096988,-0.1953605622053826,1.0900295415496768,-0.2591892154083498,1.1475217776479327,2.183983064147917,128.65
-0.9791392896242292,1.6484839128297757,1.6905855913176455,1.6597684307680316,1.7326721253481436,1.613329535345282,1.4377810110100242,0.355521526398135,-0.10832105331305776,0.1262564885502965,0.5990812178399285,-0.0678272077524927,0.8318384496404769,-0.1754228382339557,0.9354461468805232,-0.4555547495768661,126.44
-0.19663878626831652,1.6028252852054146,1.684320613569216,1.7368250401302228,1.7050460316437708,1.781967199371641,1.6519365431107789,1.0312325365395665,-1.6136347322657483,0.6236467284142064,-0.6941650689777568,0.24353726952239357,-0.1748976461145622,0.053464733401119846,0.055398078983232374,-0.4555547495768661,115.52
-0.4849378773400899,1.377217948708572,1.6381686108224485,1.7304567253069014,1.783391906758515,1.7538242776045303,1.8230378901121105,1.055524464842138,-1.8978810290569064,0.8221784846642098,-1.1439929305980885,0.41877418179024184,-0.5912595418555007,0.20366164765588193,-0.3395277448633846,2.183983064147917,109.27
-0.4414845817051631,1.2480928705853793,1.4101234207795976,1.6835434727750989,1.7769170410465531,1.833635844803446,1.7944838191653434,0.35227970402438347,-1.616086730533308,0.6334762189601628,-1.0248387911007313,0.38630776698235414,-0.5191789552078053,0.19746707854856246,-0.28317517683699334,-0.4555547495768661,110.38
-0.8306852055567335,1.2710254844600584,1.2796030510206398,1.451736813206193,1.7292188636350971,1.8270398475142797,1.875461379740941,-0.5261598326222616,0.022893052074018008,0.03830329030428869,-0.12994464923983348,0.08077931134353834,0.06701894373797973,-0.00024959908446677015,0.19352385601060532,-0.4555547495768661,121.06
-0.7918691722540333,1.4916744179569703,1.3027834686898307,1.3190635877203265,1.4935337517196676,1.7784493341507523,1.8687690193627928,-0.012060675797120704,-0.3101674245197774,0.05633369103506161,-0.3215104672464973,0.11308721095286321,-0.08216239869164822,0.04471354705335298,0.05917326729933158,-0.4555547495768661,119.03
-0.33186906020716256,1.4497345925825573,1.5258166765339376,1.3426263525666164,1.3586407160537854,1.5383550328250877,1.8194686312437647,2.0910622673885833,-1.7565928428016164,1.021453227724461,-1.552324394723665,0.7507559585453194,-1.1919849017199975,0.5446905019991585,-1.0229452243469543,-0.4555547495768661,96.96
-0.75699254792873,0.9937681167139387,1.483423660436228,1.5693383602768651,1.382597719188046,1.4009384226341168,1.5758667134791564,1.3835568886383074,-1.834983746598785,1.0104039987993538,-1.6490413481153505,0.7397073976862057,-1.2926134064784125,0.581887895809624,-1.1290982883413774,-0.4555547495768661,94.02
-0.8085266595086634,0.9330276799647889,1.0225301307433965,1.5262460966390556,1.6131029385339057,1.4253436126040335,1.4364425389343942,-0.3695297844624809,-0.7069068438503093,0.3921725865303729,-0.9523318021578252,0.31130061473788384,-0.788851818818348,0.29037499309311027,-0.7015233171239126,2.183983064147917,103.01
-0.9892671165630383,1.1187611923371896,0.9611333488087829,1.057750402803364,1.5692896805496273,1.6601611160983647,1.461204272333544,-0.6172974236249912,-0.11109338578239236,0.019657694821499504,-0.5186254694015101,0.038223492913922234,-0.45844882141211496,0.10207195359691501,-0.4127330307251985,-0.4555547495768661,109.99
-0.7286170320768859,1.262968079585171,1.1488738486700678,0.9953409175348125,1.0929553930062639,1.6155282011083374,1.6994523017956336,1.3834059110336907,-1.306764503078995,0.749704822642446,-1.2962520327891591,0.5437326601187468,-1.1152300816182499,0.46734572467074104,-1.05119771645696,-0.4555547495768661,92.72
-1.0154120033646628,0.9061696637151648,1.2946389976168717,1.186178085073683,1.029501709029033,1.1302826672019806,1.654167329903495,0.48535456789426196,-0.8058691786004206,0.22126707074028107,-0.9778898650306028,0.30618228603490805,-0.8728595118099375,0.2628153205653626,-0.8375323382161538,2.183983064147917,97.92
-0.8633905839640382,1.0136017287136612,0.9339851118989198,1.3343475432962983,1.223531851530838,1.065641893768148,1.161832684751031,0.1608726174829121,-0.966271814474614,0.3304413107268727,-1.0689138208284017,0.32522907247478705,-0.9467096393932319,0.2555145367143238,-0.9082886934425258,-0.4555547495768661,95.89
-0.9147935819924975,0.9716619033392482,1.0425780595383727,0.9677448866337522,1.374180393762495,1.2633019458668406,1.0962475530451747,-0.5703361867667005,0.09083519850279533,-0.17382827654339203,-0.38532857668136583,-0.09455817640611619,-0.4284746775407402,-0.029837794124324548,-0.45178385044886527,-0.4555547495768661,107.48
-1.039503517533299,1.211111448210897,1.0001850434406632,1.0781290102379932,1.0014439576105296,1.4167688161281164,1.2967952857103608,-0.23593621540008688,0.10894916581794467,-0.14527186774531525,-0.3719976726218603,-0.1391872541267667,-0.41811283806288824,-0.03773245952985105,-0.44255075807058486,2.183983064147917,107.73
-1.06290623906698,1.2162764513358246,1.2422220171216745,1.0350367466001837,1.1136749632845435,1.037059238848426,1.452504203841951,-0.2397369041091245,0.5434693069539304,-0.4051484327257245,-0.03346901440682048,-0.25252523162588286,-0.1553994863716831,-0.15483829492625872,-0.20916008341345244,2.183983064147917,114.06
-0.9611298214385127,1.3470543304589944,1.2474428319120328,1.2810659759411747,1.069861705300265,1.151389858527314,1.0672473247398644,0.3572295719023743,-0.3623603768204338,-0.02661745626510599,-0.427579095732663,-0.06490784106537224,-0.42366939934750475,-0.07532580219480965,-0.4416748846727559,-0.4555547495768661,108.84
-0.9639721413995808,1.2392090652105037,1.379633862403905,1.2863729049606092,1.320007350639077,1.1067569435372864,1.1832482379611065,0.31944400956309027,-0.2183308150292781,0.022678699002939236,-0.3575239543536925,-0.07220861220224407,-0.3738900547932841,-0.11220604366645615,-0.39901675009609144,-0.4555547495768661,109.9
-1.1373792868630184,1.2611086784601973,1.2706232495812237,1.4207443477326946,1.3254030720657124,1.361582305475423,1.1379632660689678,-0.3649857525852835,0.5391424419807077,-0.1737892010245267,0.11885230134726714,-0.25713621766377376,-0.019660181925819368,-0.22417590509801438,-0.090688022711169,-0.4555547495768661,117.91
-0.6474633097290701,1.4265953785828809,1.292759504292343,1.3099356698068991,1.4620227385881177,1.3670789698830619,1.3965114553447746,-0.721981260978144,0.93513975003128,-0.4726667357019009,0.5673793368152091,-0.40650473848867086,0.36668060098549315,-0.3484929287589427,0.26703242902962965,-0.4555547495768661,129.08
-1.0565025157075805,1.6573677182046516,1.4600344101754228,1.332437048849302,1.349360075199973,1.5062545126844773,1.402088422326565,-0.7136110003637889,1.0972119912182738,-0.6386029318536625,0.8521916790777397,-0.5092008151377416,0.6489103349611799,-0.4446067800578911,0.5456214113354825,-0.4555547495768661,139.78
-1.132152231758418,1.8784298519515574,1.6933004150086324,1.5024710546319884,1.3722379340489066,1.3914841598529781,1.5432972263055,-0.28376851834787525,1.1358558236872043,-0.5675386297508384,0.9311403839527715,-0.4562642445616119,0.7317194287396707,-0.44534599757832627,0.6296057701363809,-0.4555547495768661,143.34
-0.9227559875220085,1.951979496450528,1.9167512880359678,1.7395846432203292,1.5451168485583011,1.4147900169413672,1.426850155725715,-0.18504020708608943,1.1894069162678598,-0.500367130814166,1.0482940619753327,-0.45816331302675933,0.8570317889889132,-0.44184840019378324,0.75775774129148,-0.4555547495768661,148.96
-1.195059235385138,2.068088766698903,1.9910956906506703,1.9667212052521323,1.786197681900366,1.5909031445621151,1.4504964957285065,-0.2653108339613119,1.2330625126274615,-0.4335108303013243,1.164735579479681,-0.46060291165280176,0.9882869337391305,-0.4472103897761087,0.8950885725400572,2.183983064147917,155.45
-1.2278476642366742,2.202172247822026,2.108459607137925,2.042291874488882,2.017134558960356,1.8364941102954186,1.6291825178250734,0.6481330085696955,-0.4627186771792605,0.12616708459400694,0.1199978282064607,-0.17574500478597677,0.25967052564348597,-0.24183235581474583,0.28300713673357036,-0.4555547495768661,144.18
-0.9498006450991027,1.969333906950285,2.2439919590956263,2.161591638845773,2.0939696320756425,2.0717513469423605,1.8783614025714725,-0.12464719273870874,0.3057302790295413,-0.1449098673223157,0.5276223631787693,-0.29900099634322397,0.5772242844198994,-0.33972344598023474,0.5776038256824833,-0.4555547495768661,156.39
-1.0680994549510034,2.2215926595717543,2.0086376283462744,2.299359516190296,2.2152654497464037,2.150023848107138,2.117055589392105,-0.4557814648953503,0.5983371875266094,-0.2539155911201449,0.7217133436566658,-0.31390181749423546,0.7412545291608836,-0.3639345516683082,0.7362041400176326,2.183983064147917,164.05
-1.1772393843319466,2.37984835531954,2.2636222227073737,2.0601231559941824,2.3553383779818557,2.273588863990859,2.1964715992128014,0.4584696330461014,-0.3946598650431963,0.10910609228601481,0.07169618563698829,-0.06803255439346459,0.2561341296476562,-0.20660886871682466,0.31368721438605573,-0.4555547495768661,155.3
-0.801514249812068,2.19907324594707,2.423587987883953,2.319313569303371,2.112099256069137,2.4162822720131625,2.3218418169634516,-0.38016977754579123,0.45187312371659744,-0.31588574381421985,0.5699009284891388,-0.28507553706188105,0.6453311637325819,-0.34092393905359575,0.6756798756858078,-0.4555547495768661,172.5
-0.9268575091940153,2.554425460942096,2.240859470221412,2.481917874458849,2.375626290546004,2.168492640516804,2.4666198798107324,-0.12273555258913806,0.2840982080355916,-0.18775428464471433,0.46821512347770955,-0.19537239484500177,0.5691193760215599,-0.2565793270233565,0.6087889430164632,-0.4555547495768661,171.05
-1.1533261706279228,2.5244684428175157,2.6000515277980636,2.296175358778636,2.54095119505811,2.4369497301858845,2.2152102082716176,0.06212748618585932,0.48461725527965743,-0.14220805551080318,0.579949972072909,-0.19727206709600872,0.6553766796755414,-0.23963436665602944,0.6887272061327229,-0.4555547495768661,175.0
-0.6531366128408999,2.6060754921913736,2.5697708020139856,2.6612920753157403,2.352100945125875,2.605367527635939,2.4875892756622644,0.825131714804632,-1.0053095469364521,0.358949782703942,-0.3906358014224737,0.09506621498400035,-0.07953636679949973,-0.019952420683661397,0.04103288813654388,-0.4555547495768661,160.5
-0.8265599259319466,2.306505310945566,2.6522596757016466,2.6305118870030197,2.7233265792783823,2.41298427336858,2.6584675439843255,-0.17185598395257154,0.05511035537519025,-0.09262438429049287,0.17706292863402598,-0.15192872318602732,0.32762469510796854,-0.18016165329595285,0.3995868300212597,2.183983064147917,176.21
